enbNode,cell,ulConsumption,dlConsumption
4,1,2.23104,2.68769
5,2,2.23428,2.70254
6,3,2.23289,2.70126
7,4,2.23617,2.71739
