enbNode,cell,ulConsumption,dlConsumption
4,1,0.878167,1.05525
5,2,2.25509,2.83873
6,3,2.25595,2.86023
7,4,2.24972,2.80111
