enbNode,cell,ulConsumption,dlConsumption
4,1,2.27584,3.15111
5,2,2.26939,3.07389
6,3,2.2634,3.04536
7,4,2.26939,3.1299
