enbNode,cell,ulConsumption,dlConsumption
4,1,1.23551,1.67222
5,2,2.27952,3.13308
6,3,2.27221,3.13414
7,4,2.26915,3.11102
