enbNode,cell,ulConsumption,dlConsumption
4,1,2.27726,2.90078
5,2,2.26938,2.85316
6,3,2.2634,2.8835
7,4,2.26939,2.88424
